Greedy ;exec   ;cout   ;
bier127.tsp   ;0.186961   ;139389   ;
berlin52.tsp   ;0.013461   ;8576   ;
ch130.tsp   ;0.207118   ;6938   ;
