Greedy ;exec   ;cout   ;
rd100.tsp   ;0.091113   ;8831   ;
rat195.tsp   ;0.507525   ;2527   ;
rat99.tsp   ;0.09105   ;1478   ;
