Greedy ;exec   ;cout   ;
bier127.tsp   ;0.190483   ;139389   ;
berlin52.tsp   ;0.014657   ;8576   ;
ch130.tsp   ;0.206877   ;6938   ;
