Insertion ;exec   ;cout   ;
rd100.tsp   ;0.016659   ;15064   ;
rat195.tsp   ;0.110024   ;3828   ;
rat99.tsp   ;0.015837   ;2005   ;
