Insertion ;exec   ;cout   ;
bier127.tsp   ;0.033917   ;189400   ;
berlin52.tsp   ;0.002116   ;12065   ;
ch130.tsp   ;0.033636   ;10447   ;
